ID, Name, Email
10, Yoni, yoni@ownbackup.com
11, Yoni, yoni@ownbackup.com
12, Yoni, yoni@ownbackup.com
13, Yoni, yoni@ownbackup.com
14, Yoni, yoni@ownbackup.com
15, Yoni, yoni@ownbackup.com
16, Yoni, yoni@ownbackup.com
17, Yoni, yoni@ownbackup.com
18, Yoni, yoni@ownbackup.com
19, Yoni, yoni@ownbackup.com
20, Yoni, yoni@ownbackup.com
30, Yoni, yoni@ownbackup.com
31, Yoni, yoni@ownbackup.com
32, Yoni, yoni@ownbackup.com
33, Yoni, yoni@ownbackup.com
34, Yoni, yoni@ownbackup.com
35, Yoni, yoni@ownbackup.com